add,shapley
Ach031,-0.1158260120954981
Bac050,0.18502350261174522
Bos046,0.07387832925923786
Mic039,0.08716137243712466
Pse033,0.27742840371792693
Pse056,0.08096195022324143
Sph034,-0.0920400025253705
Sph075,0.14791031555994996
